-- --------------------------------------------------------
-- 主机:                           192.168.3.133
-- 服务器版本:                        8.0.33-0ubuntu0.22.04.2 - (Ubuntu)
-- 服务器操作系统:                      Linux
-- HeidiSQL 版本:                  12.2.0.6576
-- --------------------------------------------------------

/*!40101 SET @OLD_CHARACTER_SET_CLIENT=@@CHARACTER_SET_CLIENT */;
/*!40101 SET NAMES utf8 */;
/*!50503 SET NAMES utf8mb4 */;
/*!40103 SET @OLD_TIME_ZONE=@@TIME_ZONE */;
/*!40103 SET TIME_ZONE='+00:00' */;
/*!40014 SET @OLD_FOREIGN_KEY_CHECKS=@@FOREIGN_KEY_CHECKS, FOREIGN_KEY_CHECKS=0 */;
/*!40101 SET @OLD_SQL_MODE=@@SQL_MODE, SQL_MODE='NO_AUTO_VALUE_ON_ZERO' */;
/*!40111 SET @OLD_SQL_NOTES=@@SQL_NOTES, SQL_NOTES=0 */;

-- 正在导出表  ry-cloud.gen_table 的数据：~0 rows (大约)
DELETE FROM `gen_table`;

-- 正在导出表  ry-cloud.gen_table_column 的数据：~0 rows (大约)
DELETE FROM `gen_table_column`;

-- 正在导出表  ry-cloud.QRTZ_BLOB_TRIGGERS 的数据：~0 rows (大约)
DELETE FROM `QRTZ_BLOB_TRIGGERS`;

-- 正在导出表  ry-cloud.QRTZ_CALENDARS 的数据：~0 rows (大约)
DELETE FROM `QRTZ_CALENDARS`;

-- 正在导出表  ry-cloud.QRTZ_CRON_TRIGGERS 的数据：~0 rows (大约)
DELETE FROM `QRTZ_CRON_TRIGGERS`;

-- 正在导出表  ry-cloud.QRTZ_FIRED_TRIGGERS 的数据：~0 rows (大约)
DELETE FROM `QRTZ_FIRED_TRIGGERS`;

-- 正在导出表  ry-cloud.QRTZ_JOB_DETAILS 的数据：~0 rows (大约)
DELETE FROM `QRTZ_JOB_DETAILS`;

-- 正在导出表  ry-cloud.QRTZ_LOCKS 的数据：~0 rows (大约)
DELETE FROM `QRTZ_LOCKS`;

-- 正在导出表  ry-cloud.QRTZ_PAUSED_TRIGGER_GRPS 的数据：~0 rows (大约)
DELETE FROM `QRTZ_PAUSED_TRIGGER_GRPS`;

-- 正在导出表  ry-cloud.QRTZ_SCHEDULER_STATE 的数据：~0 rows (大约)
DELETE FROM `QRTZ_SCHEDULER_STATE`;

-- 正在导出表  ry-cloud.QRTZ_SIMPLE_TRIGGERS 的数据：~0 rows (大约)
DELETE FROM `QRTZ_SIMPLE_TRIGGERS`;

-- 正在导出表  ry-cloud.QRTZ_SIMPROP_TRIGGERS 的数据：~0 rows (大约)
DELETE FROM `QRTZ_SIMPROP_TRIGGERS`;

-- 正在导出表  ry-cloud.QRTZ_TRIGGERS 的数据：~0 rows (大约)
DELETE FROM `QRTZ_TRIGGERS`;

-- 正在导出表  ry-cloud.sys_config 的数据：~5 rows (大约)
DELETE FROM `sys_config`;
INSERT INTO `sys_config` (`config_id`, `config_name`, `config_key`, `config_value`, `config_type`, `create_by`, `create_time`, `update_by`, `update_time`, `remark`) VALUES
	(1, '主框架页-默认皮肤样式名称', 'sys.index.skinName', 'skin-blue', 'Y', 'admin', '2023-03-23 05:28:29', '', NULL, '蓝色 skin-blue、绿色 skin-green、紫色 skin-purple、红色 skin-red、黄色 skin-yellow'),
	(2, '用户管理-账号初始密码', 'sys.user.initPassword', '123456', 'Y', 'admin', '2023-03-23 05:28:29', '', NULL, '初始化密码 123456'),
	(3, '主框架页-侧边栏主题', 'sys.index.sideTheme', 'theme-dark', 'Y', 'admin', '2023-03-23 05:28:29', '', NULL, '深色主题theme-dark，浅色主题theme-light'),
	(4, '账号自助-是否开启用户注册功能', 'sys.account.registerUser', 'false', 'Y', 'admin', '2023-03-23 05:28:29', '', NULL, '是否开启注册用户功能（true开启，false关闭）'),
	(5, '用户登录-黑名单列表', 'sys.login.blackIPList', '', 'Y', 'admin', '2023-03-23 05:28:29', '', NULL, '设置登录IP黑名单限制，多个匹配项以;分隔，支持匹配（*通配、网段）');

-- 正在导出表  ry-cloud.sys_dept 的数据：~13 rows (大约)
DELETE FROM `sys_dept`;
INSERT INTO `sys_dept` (`dept_id`, `parent_id`, `ancestors`, `dept_name`, `order_num`, `leader`, `phone`, `email`, `status`, `del_flag`, `create_by`, `create_time`, `update_by`, `update_time`) VALUES
	(100, 0, '0', '中央仓库', 0, '灵狐技术', '15888888888', '5389408@qq.com', '0', '0', 'admin', '2023-03-23 05:28:28', 'admin', '2023-03-27 04:29:26'),
	(101, 100, '0,100', '深圳总公司', 1, '若依', '15888888888', 'ry@qq.com', '0', '0', 'admin', '2023-03-23 05:28:28', '', NULL),
	(102, 100, '0,100', '长沙分公司', 2, '若依', '15888888888', 'ry@qq.com', '0', '0', 'admin', '2023-03-23 05:28:28', '', NULL),
	(103, 101, '0,100,101', '研发部门', 1, '若依', '15888888888', 'ry@qq.com', '0', '0', 'admin', '2023-03-23 05:28:28', '', NULL),
	(104, 101, '0,100,101', '市场部门', 2, '若依', '15888888888', 'ry@qq.com', '0', '0', 'admin', '2023-03-23 05:28:28', '', NULL),
	(105, 101, '0,100,101', '测试部门', 3, '若依', '15888888888', 'ry@qq.com', '0', '0', 'admin', '2023-03-23 05:28:28', '', NULL),
	(106, 101, '0,100,101', '财务部门', 4, '若依', '15888888888', 'ry@qq.com', '0', '0', 'admin', '2023-03-23 05:28:28', '', NULL),
	(107, 101, '0,100,101', '运维部门', 5, '若依', '15888888888', 'ry@qq.com', '0', '0', 'admin', '2023-03-23 05:28:28', '', NULL),
	(108, 102, '0,100,102', '市场部门', 1, '若依', '15888888888', 'ry@qq.com', '0', '0', 'admin', '2023-03-23 05:28:28', '', NULL),
	(109, 102, '0,100,102', '财务部门', 2, '若依', '15888888888', 'ry@qq.com', '0', '0', 'admin', '2023-03-23 05:28:28', '', NULL),
	(200, 100, '0,100', '灵狐技术', 0, '', '13710501070', '5389408@qq.com', '0', '0', 'admin', '2023-03-27 04:27:52', 'admin', '2023-03-27 04:29:53'),
	(201, 100, '0,100', '公共仓库', 0, NULL, NULL, NULL, '0', '0', 'admin', '2023-03-27 04:30:28', '', NULL),
	(202, 200, '0,100,200', '私有仓库', 0, NULL, NULL, NULL, '0', '2', 'admin', '2023-03-27 04:31:04', '', NULL),
	(203, 200, '0,100,200', '私有仓库', 0, NULL, NULL, NULL, '0', '2', 'admin', '2023-03-27 04:31:17', '', NULL),
	(204, 100, '0,100', '私有仓库', 0, NULL, NULL, NULL, '0', '0', 'admin', '2023-03-27 04:31:30', '', NULL);

-- 正在导出表  ry-cloud.sys_dict_data 的数据：~29 rows (大约)
DELETE FROM `sys_dict_data`;
INSERT INTO `sys_dict_data` (`dict_code`, `dict_sort`, `dict_label`, `dict_value`, `dict_type`, `css_class`, `list_class`, `is_default`, `status`, `create_by`, `create_time`, `update_by`, `update_time`, `remark`) VALUES
	(1, 1, '男', '0', 'sys_user_sex', '', '', 'Y', '0', 'admin', '2023-03-23 05:28:29', '', NULL, '性别男'),
	(2, 2, '女', '1', 'sys_user_sex', '', '', 'N', '0', 'admin', '2023-03-23 05:28:29', '', NULL, '性别女'),
	(3, 3, '未知', '2', 'sys_user_sex', '', '', 'N', '0', 'admin', '2023-03-23 05:28:29', '', NULL, '性别未知'),
	(4, 1, '显示', '0', 'sys_show_hide', '', 'primary', 'Y', '0', 'admin', '2023-03-23 05:28:29', '', NULL, '显示菜单'),
	(5, 2, '隐藏', '1', 'sys_show_hide', '', 'danger', 'N', '0', 'admin', '2023-03-23 05:28:29', '', NULL, '隐藏菜单'),
	(6, 1, '正常', '0', 'sys_normal_disable', '', 'primary', 'Y', '0', 'admin', '2023-03-23 05:28:29', '', NULL, '正常状态'),
	(7, 2, '停用', '1', 'sys_normal_disable', '', 'danger', 'N', '0', 'admin', '2023-03-23 05:28:29', '', NULL, '停用状态'),
	(8, 1, '正常', '0', 'sys_job_status', '', 'primary', 'Y', '0', 'admin', '2023-03-23 05:28:29', '', NULL, '正常状态'),
	(9, 2, '暂停', '1', 'sys_job_status', '', 'danger', 'N', '0', 'admin', '2023-03-23 05:28:29', '', NULL, '停用状态'),
	(10, 1, '默认', 'DEFAULT', 'sys_job_group', '', '', 'Y', '0', 'admin', '2023-03-23 05:28:29', '', NULL, '默认分组'),
	(11, 2, '系统', 'SYSTEM', 'sys_job_group', '', '', 'N', '0', 'admin', '2023-03-23 05:28:29', '', NULL, '系统分组'),
	(12, 1, '是', 'Y', 'sys_yes_no', '', 'primary', 'Y', '0', 'admin', '2023-03-23 05:28:29', '', NULL, '系统默认是'),
	(13, 2, '否', 'N', 'sys_yes_no', '', 'danger', 'N', '0', 'admin', '2023-03-23 05:28:29', '', NULL, '系统默认否'),
	(14, 1, '通知', '1', 'sys_notice_type', '', 'warning', 'Y', '0', 'admin', '2023-03-23 05:28:29', '', NULL, '通知'),
	(15, 2, '公告', '2', 'sys_notice_type', '', 'success', 'N', '0', 'admin', '2023-03-23 05:28:29', '', NULL, '公告'),
	(16, 1, '正常', '0', 'sys_notice_status', '', 'primary', 'Y', '0', 'admin', '2023-03-23 05:28:29', '', NULL, '正常状态'),
	(17, 2, '关闭', '1', 'sys_notice_status', '', 'danger', 'N', '0', 'admin', '2023-03-23 05:28:29', '', NULL, '关闭状态'),
	(18, 99, '其他', '0', 'sys_oper_type', '', 'info', 'N', '0', 'admin', '2023-03-23 05:28:29', '', NULL, '其他操作'),
	(19, 1, '新增', '1', 'sys_oper_type', '', 'info', 'N', '0', 'admin', '2023-03-23 05:28:29', '', NULL, '新增操作'),
	(20, 2, '修改', '2', 'sys_oper_type', '', 'info', 'N', '0', 'admin', '2023-03-23 05:28:29', '', NULL, '修改操作'),
	(21, 3, '删除', '3', 'sys_oper_type', '', 'danger', 'N', '0', 'admin', '2023-03-23 05:28:29', '', NULL, '删除操作'),
	(22, 4, '授权', '4', 'sys_oper_type', '', 'primary', 'N', '0', 'admin', '2023-03-23 05:28:29', '', NULL, '授权操作'),
	(23, 5, '导出', '5', 'sys_oper_type', '', 'warning', 'N', '0', 'admin', '2023-03-23 05:28:29', '', NULL, '导出操作'),
	(24, 6, '导入', '6', 'sys_oper_type', '', 'warning', 'N', '0', 'admin', '2023-03-23 05:28:29', '', NULL, '导入操作'),
	(25, 7, '强退', '7', 'sys_oper_type', '', 'danger', 'N', '0', 'admin', '2023-03-23 05:28:29', '', NULL, '强退操作'),
	(26, 8, '生成代码', '8', 'sys_oper_type', '', 'warning', 'N', '0', 'admin', '2023-03-23 05:28:29', '', NULL, '生成操作'),
	(27, 9, '清空数据', '9', 'sys_oper_type', '', 'danger', 'N', '0', 'admin', '2023-03-23 05:28:29', '', NULL, '清空操作'),
	(28, 1, '成功', '0', 'sys_common_status', '', 'primary', 'N', '0', 'admin', '2023-03-23 05:28:29', '', NULL, '正常状态'),
	(29, 2, '失败', '1', 'sys_common_status', '', 'danger', 'N', '0', 'admin', '2023-03-23 05:28:29', '', NULL, '停用状态');

-- 正在导出表  ry-cloud.sys_dict_type 的数据：~10 rows (大约)
DELETE FROM `sys_dict_type`;
INSERT INTO `sys_dict_type` (`dict_id`, `dict_name`, `dict_type`, `status`, `create_by`, `create_time`, `update_by`, `update_time`, `remark`) VALUES
	(1, '用户性别', 'sys_user_sex', '0', 'admin', '2023-03-23 05:28:29', '', NULL, '用户性别列表'),
	(2, '菜单状态', 'sys_show_hide', '0', 'admin', '2023-03-23 05:28:29', '', NULL, '菜单状态列表'),
	(3, '系统开关', 'sys_normal_disable', '0', 'admin', '2023-03-23 05:28:29', '', NULL, '系统开关列表'),
	(4, '任务状态', 'sys_job_status', '0', 'admin', '2023-03-23 05:28:29', '', NULL, '任务状态列表'),
	(5, '任务分组', 'sys_job_group', '0', 'admin', '2023-03-23 05:28:29', '', NULL, '任务分组列表'),
	(6, '系统是否', 'sys_yes_no', '0', 'admin', '2023-03-23 05:28:29', '', NULL, '系统是否列表'),
	(7, '通知类型', 'sys_notice_type', '0', 'admin', '2023-03-23 05:28:29', '', NULL, '通知类型列表'),
	(8, '通知状态', 'sys_notice_status', '0', 'admin', '2023-03-23 05:28:29', '', NULL, '通知状态列表'),
	(9, '操作类型', 'sys_oper_type', '0', 'admin', '2023-03-23 05:28:29', '', NULL, '操作类型列表'),
	(10, '系统状态', 'sys_common_status', '0', 'admin', '2023-03-23 05:28:29', '', NULL, '登录状态列表');

-- 正在导出表  ry-cloud.sys_job 的数据：~4 rows (大约)
DELETE FROM `sys_job`;
INSERT INTO `sys_job` (`job_id`, `job_name`, `job_group`, `invoke_target`, `cron_expression`, `misfire_policy`, `concurrent`, `status`, `create_by`, `create_time`, `update_by`, `update_time`, `remark`) VALUES
	(1, '系统默认（无参）', 'DEFAULT', 'ryTask.ryNoParams', '0/10 * * * * ?', '3', '0', '1', 'admin', '2023-03-23 05:28:29', '', '2023-05-22 07:34:36', ''),
	(2, '系统默认（有参）', 'DEFAULT', 'ryTask.ryParams(\'ry\')', '0/15 * * * * ?', '3', '1', '1', 'admin', '2023-03-23 05:28:29', '', NULL, ''),
	(3, '系统默认（多参）', 'DEFAULT', 'ryTask.ryMultipleParams(\'ry\', true, 2000L, 316.50D, 100)', '0/20 * * * * ?', '3', '1', '1', 'admin', '2023-03-23 05:28:29', '', NULL, ''),
	(100, 'syncSchemaTask', 'DEFAULT', 'ryTask.ryJsonParams(\'{"taskName":"syncSchemaTask","taskParam":{}}\')', '0/10 * * * * ?', '1', '1', '0', '', '2023-05-23 04:11:39', '', '2023-05-23 04:23:13', '');

-- 正在导出表  ry-cloud.sys_logininfor 的数据：~148 rows (大约)
DELETE FROM `sys_logininfor`;
INSERT INTO `sys_logininfor` (`info_id`, `user_name`, `ipaddr`, `status`, `msg`, `access_time`) VALUES
	(100, '', '127.0.0.1', '0', '退出成功', '2023-03-23 10:41:51'),
	(101, '', '127.0.0.1', '0', '退出成功', '2023-03-23 10:41:51'),
	(102, '', '127.0.0.1', '0', '退出成功', '2023-03-23 10:42:01'),
	(103, 'admin', '127.0.0.1', '0', '登录成功', '2023-03-23 10:42:26'),
	(104, 'admin', '192.168.3.1', '0', '退出成功', '2023-03-24 10:22:16'),
	(105, 'admin', '192.168.3.1', '1', '密码输入错误1次', '2023-03-24 10:22:25'),
	(106, 'admin', '192.168.3.1', '1', '密码输入错误2次', '2023-03-24 10:22:42'),
	(107, 'hupengwu', '192.168.3.1', '1', '登录用户不存在', '2023-03-24 10:23:02'),
	(108, 'admin', '192.168.3.1', '1', '密码输入错误3次', '2023-03-24 10:23:12'),
	(109, 'admin', '192.168.3.1', '1', '密码输入错误1次', '2023-03-24 12:12:39'),
	(110, 'admin', '192.168.3.1', '1', '密码输入错误1次', '2023-03-24 12:12:39'),
	(111, 'admin', '192.168.3.1', '1', '密码输入错误2次', '2023-03-24 12:12:47'),
	(112, 'admin', '192.168.3.1', '1', '密码输入错误3次', '2023-03-24 12:13:15'),
	(113, 'admin', '192.168.3.1', '1', '密码输入错误4次', '2023-03-24 12:13:32'),
	(114, 'admin', '192.168.3.1', '0', '登录成功', '2023-03-24 12:14:42'),
	(115, 'admin', '192.168.3.1', '0', '登录成功', '2023-03-25 03:36:19'),
	(116, 'admin', '192.168.3.1', '0', '退出成功', '2023-03-25 08:03:41'),
	(117, 'hupengwu', '192.168.3.1', '0', '登录成功', '2023-03-25 08:03:46'),
	(118, 'hupengwu', '192.168.3.1', '0', '退出成功', '2023-03-25 08:04:35'),
	(119, 'admin', '192.168.3.1', '0', '登录成功', '2023-03-25 08:04:39'),
	(120, 'admin', '192.168.3.1', '0', '退出成功', '2023-03-25 08:05:28'),
	(121, 'hupengwu', '192.168.3.1', '0', '登录成功', '2023-03-25 08:05:33'),
	(122, 'hupengwu', '192.168.3.1', '0', '退出成功', '2023-03-25 10:21:37'),
	(123, 'admin', '192.168.3.1', '0', '登录成功', '2023-03-25 10:21:43'),
	(124, 'admin', '192.168.3.1', '0', '退出成功', '2023-03-25 10:22:55'),
	(125, 'hupengwu', '192.168.3.1', '0', '登录成功', '2023-03-25 10:23:00'),
	(126, 'hupengwu', '192.168.3.1', '0', '退出成功', '2023-03-26 03:56:55'),
	(127, 'hupengwu', '192.168.3.1', '0', '登录成功', '2023-03-26 03:56:59'),
	(128, 'hupengwu', '192.168.3.1', '0', '退出成功', '2023-03-26 12:21:57'),
	(129, 'admin', '192.168.3.1', '0', '登录成功', '2023-03-26 12:40:58'),
	(130, 'admin', '192.168.3.1', '0', '退出成功', '2023-03-27 02:44:03'),
	(131, 'admin', '192.168.3.1', '0', '登录成功', '2023-03-27 04:25:23'),
	(132, 'hupengwu', '192.168.3.1', '0', '登录成功', '2023-03-27 05:42:39'),
	(133, 'hupengwu', '192.168.3.1', '0', '退出成功', '2023-03-27 05:49:48'),
	(134, 'admin', '192.168.3.1', '0', '登录成功', '2023-03-27 05:49:54'),
	(135, 'admin', '192.168.3.1', '0', '退出成功', '2023-03-27 06:00:26'),
	(136, 'hupengwu', '192.168.3.1', '0', '登录成功', '2023-03-27 06:00:32'),
	(137, 'hupengwu', '192.168.3.1', '0', '登录成功', '2023-03-27 12:59:54'),
	(138, 'hupengwu', '192.168.3.1', '0', '退出成功', '2023-03-27 13:00:15'),
	(139, 'hupengwu', '192.168.3.1', '0', '登录成功', '2023-03-27 13:00:19'),
	(140, 'hupengwu', '192.168.3.1', '0', '退出成功', '2023-03-28 01:52:24'),
	(141, 'hupengwu', '192.168.3.1', '0', '登录成功', '2023-03-28 01:52:29'),
	(142, 'hupengwu', '192.168.3.1', '0', '退出成功', '2023-03-28 03:11:47'),
	(143, 'admin', '192.168.3.1', '0', '登录成功', '2023-03-28 03:11:52'),
	(144, 'admin', '192.168.3.1', '0', '登录成功', '2023-04-11 09:57:34'),
	(145, 'admin', '192.168.3.1', '0', '登录成功', '2023-05-19 12:17:15'),
	(146, 'admin', '192.168.3.1', '0', '退出成功', '2023-05-20 02:50:57'),
	(147, 'admin', '192.168.3.1', '0', '登录成功', '2023-05-20 02:51:06'),
	(148, 'admin', '192.168.3.1', '0', '登录成功', '2023-05-21 08:56:49'),
	(149, 'admin', '192.168.3.1', '0', '退出成功', '2023-05-21 10:17:07'),
	(150, 'admin', '192.168.3.1', '0', '登录成功', '2023-05-21 10:17:08'),
	(151, 'admin', '192.168.3.1', '0', '退出成功', '2023-05-22 07:34:13'),
	(152, 'admin', '192.168.3.1', '0', '登录成功', '2023-05-22 07:34:15'),
	(153, 'admin', '192.168.3.1', '0', '退出成功', '2023-05-23 03:30:19'),
	(154, 'admin', '192.168.3.1', '0', '退出成功', '2023-05-23 03:30:19'),
	(155, 'admin', '192.168.3.1', '0', '退出成功', '2023-05-23 03:31:22'),
	(156, 'admin', '192.168.3.1', '0', '登录成功', '2023-05-23 03:31:25'),
	(157, 'admin', '192.168.3.1', '0', '退出成功', '2023-05-23 03:34:55'),
	(158, 'admin', '192.168.3.1', '0', '退出成功', '2023-05-23 03:41:10'),
	(159, 'admin', '192.168.3.1', '0', '登录成功', '2023-05-23 03:41:14'),
	(160, 'admin', '192.168.3.1', '0', '退出成功', '2023-05-23 03:48:13'),
	(161, 'admin', '192.168.3.1', '0', '退出成功', '2023-05-23 03:52:45'),
	(162, 'admin', '192.168.3.1', '0', '登录成功', '2023-05-23 03:52:49'),
	(163, 'admin', '192.168.3.1', '0', '退出成功', '2023-05-23 08:41:39'),
	(164, 'admin', '192.168.3.1', '0', '退出成功', '2023-05-23 08:41:39'),
	(165, 'admin', '192.168.3.1', '0', '退出成功', '2023-05-23 08:42:19'),
	(166, 'admin', '192.168.3.1', '0', '登录成功', '2023-05-23 08:42:21'),
	(167, 'admin', '192.168.3.1', '0', '退出成功', '2023-05-23 08:55:59'),
	(168, 'admin', '192.168.3.1', '0', '登录成功', '2023-05-23 08:56:01'),
	(169, 'admin', '192.168.3.1', '0', '退出成功', '2023-05-23 08:56:07'),
	(170, 'admin', '192.168.3.1', '0', '登录成功', '2023-05-23 08:56:10'),
	(171, 'admin', '192.168.3.1', '0', '退出成功', '2023-05-23 09:01:45'),
	(172, 'admin', '192.168.3.1', '0', '登录成功', '2023-05-23 09:02:57'),
	(173, 'admin', '192.168.3.1', '0', '退出成功', '2023-05-23 09:12:49'),
	(174, 'admin', '192.168.3.1', '0', '登录成功', '2023-05-23 09:18:55'),
	(175, 'admin', '192.168.3.1', '0', '退出成功', '2023-05-23 09:19:21'),
	(176, 'admin', '192.168.3.1', '0', '登录成功', '2023-05-23 09:33:37'),
	(177, 'admin', '192.168.3.1', '0', '退出成功', '2023-05-23 09:37:24'),
	(178, 'admin', '192.168.3.1', '0', '登录成功', '2023-05-24 03:00:47'),
	(179, 'admin', '192.168.3.1', '0', '退出成功', '2023-05-25 02:39:28'),
	(180, 'admin', '192.168.3.1', '0', '登录成功', '2023-05-25 02:40:58'),
	(181, 'admin', '192.168.3.1', '0', '退出成功', '2023-05-25 02:41:03'),
	(182, 'admin', '192.168.3.1', '0', '登录成功', '2023-05-25 02:41:06'),
	(183, 'admin', '192.168.3.1', '0', '登录成功', '2023-05-25 02:47:59'),
	(184, 'admin', '192.168.3.1', '0', '退出成功', '2023-05-25 03:13:55'),
	(185, 'admin', '192.168.3.1', '0', '退出成功', '2023-05-25 03:18:05'),
	(186, 'admin', '192.168.3.1', '0', '登录成功', '2023-05-25 03:18:14'),
	(187, 'admin', '192.168.3.1', '0', '登录成功', '2023-05-25 03:31:35'),
	(188, 'admin', '192.168.3.1', '0', '登录成功', '2023-05-25 03:31:35'),
	(189, 'admin', '192.168.3.1', '0', '登录成功', '2023-05-25 03:31:35'),
	(190, 'admin', '192.168.3.1', '0', '退出成功', '2023-05-25 04:00:00'),
	(191, 'admin', '192.168.3.1', '0', '登录成功', '2023-05-25 04:00:03'),
	(192, 'admin', '192.168.3.1', '0', '退出成功', '2023-05-25 13:13:45'),
	(193, 'admin', '192.168.3.1', '0', '退出成功', '2023-05-25 13:13:45'),
	(194, 'admin', '192.168.3.1', '0', '退出成功', '2023-05-25 13:13:45'),
	(195, 'admin', '192.168.3.1', '0', '退出成功', '2023-05-25 13:13:47'),
	(196, 'admin', '192.168.3.1', '0', '登录成功', '2023-05-25 13:13:50'),
	(197, 'admin', '192.168.3.1', '0', '退出成功', '2023-05-26 01:38:02'),
	(198, 'admin', '192.168.3.1', '0', '退出成功', '2023-05-26 01:38:02'),
	(199, 'admin', '192.168.3.1', '0', '退出成功', '2023-05-26 01:38:02'),
	(200, 'admin', '192.168.3.1', '0', '登录成功', '2023-05-26 03:01:52'),
	(201, 'admin', '192.168.3.1', '0', '退出成功', '2023-05-26 15:06:28'),
	(202, 'admin', '192.168.3.1', '0', '退出成功', '2023-05-26 15:06:28'),
	(203, 'admin', '192.168.3.1', '0', '登录成功', '2023-05-26 15:06:34'),
	(204, 'admin', '192.168.3.1', '0', '退出成功', '2023-05-27 09:31:53'),
	(205, 'admin', '192.168.3.1', '0', '退出成功', '2023-05-27 09:31:53'),
	(206, 'admin', '192.168.3.1', '0', '登录成功', '2023-05-27 09:33:11'),
	(207, 'admin', '192.168.3.1', '0', '退出成功', '2023-05-27 10:31:13'),
	(208, 'admin', '192.168.3.1', '0', '退出成功', '2023-05-27 10:31:13'),
	(209, 'admin', '192.168.3.1', '0', '退出成功', '2023-05-27 10:31:18'),
	(210, 'admin', '192.168.3.1', '0', '登录成功', '2023-05-27 10:31:21'),
	(211, 'admin', '192.168.3.1', '0', '退出成功', '2023-05-27 10:56:17'),
	(212, 'fox-cloud-view', '192.168.3.1', '1', '密码输入错误1次', '2023-05-27 10:56:22'),
	(213, 'fox-cloud-view', '192.168.3.1', '0', '登录成功', '2023-05-27 10:56:28'),
	(214, 'fox-cloud-view', '192.168.3.1', '0', '退出成功', '2023-05-28 03:22:38'),
	(215, 'fox-cloud-view', '192.168.3.1', '0', '登录成功', '2023-05-28 03:22:40'),
	(216, 'fox-cloud-view', '192.168.3.1', '0', '退出成功', '2023-05-28 03:24:49'),
	(217, 'admin', '192.168.3.1', '0', '登录成功', '2023-05-28 03:24:55'),
	(218, 'admin', '192.168.3.1', '0', '退出成功', '2023-05-28 03:58:53'),
	(219, 'fox-cloud-view', '192.168.3.1', '0', '登录成功', '2023-05-28 03:58:57'),
	(220, 'fox-cloud-view', '192.168.3.1', '0', '退出成功', '2023-05-28 03:59:20'),
	(221, 'admin', '192.168.3.1', '0', '登录成功', '2023-05-28 03:59:24'),
	(222, 'admin', '192.168.3.1', '0', '登录成功', '2023-05-28 03:59:42'),
	(223, 'admin', '192.168.3.1', '0', '退出成功', '2023-05-28 03:59:49'),
	(224, 'fox-cloud-view', '192.168.3.1', '0', '登录成功', '2023-05-28 03:59:52'),
	(225, 'admin', '192.168.3.1', '0', '退出成功', '2023-05-28 06:12:38'),
	(226, 'admin', '192.168.3.1', '0', '登录成功', '2023-05-28 06:12:57'),
	(227, 'fox-cloud-view', '192.168.3.1', '0', '退出成功', '2023-05-28 06:14:50'),
	(228, 'admin', '192.168.3.1', '0', '登录成功', '2023-05-28 06:14:53'),
	(229, 'admin', '192.168.3.1', '0', '退出成功', '2023-05-28 11:52:26'),
	(230, 'fox-cloud-view', '192.168.3.1', '0', '登录成功', '2023-05-28 11:52:30'),
	(231, 'admin', '192.168.3.1', '0', '退出成功', '2023-05-28 11:55:35'),
	(232, 'fox-cloud-view', '192.168.3.1', '0', '退出成功', '2023-05-28 12:10:39'),
	(233, 'fox-cloud-view', '192.168.3.1', '0', '登录成功', '2023-05-28 12:16:29'),
	(234, 'fox-cloud-view', '192.168.3.1', '0', '退出成功', '2023-05-28 12:16:36'),
	(235, 'fox-cloud-view', '192.168.3.1', '0', '登录成功', '2023-05-28 12:17:25'),
	(236, 'fox-cloud-view', '192.168.3.1', '0', '登录成功', '2023-05-28 12:22:01'),
	(237, 'fox-cloud-view', '192.168.3.1', '0', '登录成功', '2023-05-28 12:37:42'),
	(238, 'admin', '192.168.3.1', '0', '退出成功', '2023-05-28 13:09:09'),
	(239, 'fox-cloud-view', '192.168.3.1', '0', '登录成功', '2023-05-28 13:09:12'),
	(240, 'fox-cloud-view', '192.168.3.1', '0', '登录成功', '2023-05-28 13:09:44'),
	(241, 'fox-cloud-view', '192.168.3.1', '0', '退出成功', '2023-05-28 13:13:41'),
	(242, 'fox-cloud-view', '192.168.3.1', '0', '退出成功', '2023-05-28 13:14:07'),
	(243, 'admin', '192.168.3.1', '0', '登录成功', '2023-05-28 13:14:39'),
	(244, 'fox-cloud-view', '192.168.3.1', '0', '登录成功', '2023-05-28 13:15:37'),
	(245, 'fox-cloud-view', '192.168.3.1', '0', '退出成功', '2023-05-29 01:41:06'),
	(246, 'fox-cloud-view', '192.168.3.1', '0', '登录成功', '2023-05-29 01:41:07'),
	(247, 'fox-cloud-view', '192.168.3.1', '0', '退出成功', '2023-05-29 02:58:24');

-- 正在导出表  ry-cloud.sys_menu 的数据：~126 rows (大约)
DELETE FROM `sys_menu`;
INSERT INTO `sys_menu` (`menu_id`, `menu_name`, `parent_id`, `order_num`, `path`, `component`, `query`, `is_frame`, `is_cache`, `menu_type`, `visible`, `status`, `perms`, `icon`, `create_by`, `create_time`, `update_by`, `update_time`, `remark`) VALUES
	(1, '系统管理', 0, 1, 'system', NULL, '', 1, 0, 'M', '0', '0', '', 'system', 'admin', '2023-03-23 05:28:28', '', NULL, '系统管理目录'),
	(2, '系统监控', 0, 2, 'monitor', NULL, '', 1, 0, 'M', '0', '0', '', 'monitor', 'admin', '2023-03-23 05:28:28', '', NULL, '系统监控目录'),
	(3, '系统工具', 0, 3, 'tool', NULL, '', 1, 0, 'M', '0', '0', '', 'tool', 'admin', '2023-03-23 05:28:28', '', NULL, '系统工具目录'),
	(4, '若依官网', 0, 4, 'http://ruoyi.vip', NULL, '', 0, 0, 'M', '0', '0', '', 'guide', 'admin', '2023-03-23 05:28:28', '', NULL, '若依官网地址'),
	(100, '用户管理', 1, 1, 'user', 'system/user/index', '', 1, 0, 'C', '0', '0', 'system:user:list', 'user', 'admin', '2023-03-23 05:28:28', '', NULL, '用户管理菜单'),
	(101, '角色管理', 1, 2, 'role', 'system/role/index', '', 1, 0, 'C', '0', '0', 'system:role:list', 'peoples', 'admin', '2023-03-23 05:28:28', '', NULL, '角色管理菜单'),
	(102, '菜单管理', 1, 3, 'menu', 'system/menu/index', '', 1, 0, 'C', '0', '0', 'system:menu:list', 'tree-table', 'admin', '2023-03-23 05:28:28', '', NULL, '菜单管理菜单'),
	(103, '部门管理', 1, 4, 'dept', 'system/dept/index', '', 1, 0, 'C', '0', '0', 'system:dept:list', 'tree', 'admin', '2023-03-23 05:28:28', '', NULL, '部门管理菜单'),
	(104, '岗位管理', 1, 5, 'post', 'system/post/index', '', 1, 0, 'C', '0', '0', 'system:post:list', 'post', 'admin', '2023-03-23 05:28:28', '', NULL, '岗位管理菜单'),
	(105, '字典管理', 1, 6, 'dict', 'system/dict/index', '', 1, 0, 'C', '0', '0', 'system:dict:list', 'dict', 'admin', '2023-03-23 05:28:28', '', NULL, '字典管理菜单'),
	(106, '参数设置', 1, 7, 'config', 'system/config/index', '', 1, 0, 'C', '0', '0', 'system:config:list', 'edit', 'admin', '2023-03-23 05:28:28', '', NULL, '参数设置菜单'),
	(107, '通知公告', 1, 8, 'notice', 'system/notice/index', '', 1, 0, 'C', '0', '0', 'system:notice:list', 'message', 'admin', '2023-03-23 05:28:28', '', NULL, '通知公告菜单'),
	(108, '日志管理', 1, 9, 'log', '', '', 1, 0, 'M', '0', '0', '', 'log', 'admin', '2023-03-23 05:28:28', '', NULL, '日志管理菜单'),
	(109, '在线用户', 2, 1, 'online', 'monitor/online/index', '', 1, 0, 'C', '0', '0', 'monitor:online:list', 'online', 'admin', '2023-03-23 05:28:28', '', NULL, '在线用户菜单'),
	(110, '定时任务', 2, 2, 'job', 'monitor/job/index', '', 1, 0, 'C', '0', '0', 'monitor:job:list', 'job', 'admin', '2023-03-23 05:28:28', '', NULL, '定时任务菜单'),
	(111, 'Sentinel控制台', 2, 3, 'http://localhost:8718', '', '', 0, 0, 'C', '0', '0', 'monitor:sentinel:list', 'sentinel', 'admin', '2023-03-23 05:28:28', '', NULL, '流量控制菜单'),
	(112, 'Nacos控制台', 2, 4, 'http://localhost:8848/nacos', '', '', 0, 0, 'C', '0', '0', 'monitor:nacos:list', 'nacos', 'admin', '2023-03-23 05:28:28', '', NULL, '服务治理菜单'),
	(113, 'Admin控制台', 2, 5, 'http://localhost:9100/login', '', '', 0, 0, 'C', '0', '0', 'monitor:server:list', 'server', 'admin', '2023-03-23 05:28:28', '', NULL, '服务监控菜单'),
	(114, '表单构建', 3, 1, 'build', 'tool/build/index', '', 1, 0, 'C', '0', '0', 'tool:build:list', 'build', 'admin', '2023-03-23 05:28:28', '', NULL, '表单构建菜单'),
	(115, '代码生成', 3, 2, 'gen', 'tool/gen/index', '', 1, 0, 'C', '0', '0', 'tool:gen:list', 'code', 'admin', '2023-03-23 05:28:28', '', NULL, '代码生成菜单'),
	(116, '系统接口', 3, 3, 'http://localhost:8080/swagger-ui/index.html', '', '', 0, 0, 'C', '0', '0', 'tool:swagger:list', 'swagger', 'admin', '2023-03-23 05:28:28', '', NULL, '系统接口菜单'),
	(500, '操作日志', 108, 1, 'operlog', 'system/operlog/index', '', 1, 0, 'C', '0', '0', 'system:operlog:list', 'form', 'admin', '2023-03-23 05:28:28', '', NULL, '操作日志菜单'),
	(501, '登录日志', 108, 2, 'logininfor', 'system/logininfor/index', '', 1, 0, 'C', '0', '0', 'system:logininfor:list', 'logininfor', 'admin', '2023-03-23 05:28:28', '', NULL, '登录日志菜单'),
	(1000, '用户查询', 100, 1, '', '', '', 1, 0, 'F', '0', '0', 'system:user:query', '#', 'admin', '2023-03-23 05:28:28', '', NULL, ''),
	(1001, '用户新增', 100, 2, '', '', '', 1, 0, 'F', '0', '0', 'system:user:add', '#', 'admin', '2023-03-23 05:28:28', '', NULL, ''),
	(1002, '用户修改', 100, 3, '', '', '', 1, 0, 'F', '0', '0', 'system:user:edit', '#', 'admin', '2023-03-23 05:28:28', '', NULL, ''),
	(1003, '用户删除', 100, 4, '', '', '', 1, 0, 'F', '0', '0', 'system:user:remove', '#', 'admin', '2023-03-23 05:28:28', '', NULL, ''),
	(1004, '用户导出', 100, 5, '', '', '', 1, 0, 'F', '0', '0', 'system:user:export', '#', 'admin', '2023-03-23 05:28:28', '', NULL, ''),
	(1005, '用户导入', 100, 6, '', '', '', 1, 0, 'F', '0', '0', 'system:user:import', '#', 'admin', '2023-03-23 05:28:28', '', NULL, ''),
	(1006, '重置密码', 100, 7, '', '', '', 1, 0, 'F', '0', '0', 'system:user:resetPwd', '#', 'admin', '2023-03-23 05:28:28', '', NULL, ''),
	(1007, '角色查询', 101, 1, '', '', '', 1, 0, 'F', '0', '0', 'system:role:query', '#', 'admin', '2023-03-23 05:28:28', '', NULL, ''),
	(1008, '角色新增', 101, 2, '', '', '', 1, 0, 'F', '0', '0', 'system:role:add', '#', 'admin', '2023-03-23 05:28:28', '', NULL, ''),
	(1009, '角色修改', 101, 3, '', '', '', 1, 0, 'F', '0', '0', 'system:role:edit', '#', 'admin', '2023-03-23 05:28:28', '', NULL, ''),
	(1010, '角色删除', 101, 4, '', '', '', 1, 0, 'F', '0', '0', 'system:role:remove', '#', 'admin', '2023-03-23 05:28:28', '', NULL, ''),
	(1011, '角色导出', 101, 5, '', '', '', 1, 0, 'F', '0', '0', 'system:role:export', '#', 'admin', '2023-03-23 05:28:28', '', NULL, ''),
	(1012, '菜单查询', 102, 1, '', '', '', 1, 0, 'F', '0', '0', 'system:menu:query', '#', 'admin', '2023-03-23 05:28:28', '', NULL, ''),
	(1013, '菜单新增', 102, 2, '', '', '', 1, 0, 'F', '0', '0', 'system:menu:add', '#', 'admin', '2023-03-23 05:28:28', '', NULL, ''),
	(1014, '菜单修改', 102, 3, '', '', '', 1, 0, 'F', '0', '0', 'system:menu:edit', '#', 'admin', '2023-03-23 05:28:28', '', NULL, ''),
	(1015, '菜单删除', 102, 4, '', '', '', 1, 0, 'F', '0', '0', 'system:menu:remove', '#', 'admin', '2023-03-23 05:28:28', '', NULL, ''),
	(1016, '部门查询', 103, 1, '', '', '', 1, 0, 'F', '0', '0', 'system:dept:query', '#', 'admin', '2023-03-23 05:28:28', '', NULL, ''),
	(1017, '部门新增', 103, 2, '', '', '', 1, 0, 'F', '0', '0', 'system:dept:add', '#', 'admin', '2023-03-23 05:28:28', '', NULL, ''),
	(1018, '部门修改', 103, 3, '', '', '', 1, 0, 'F', '0', '0', 'system:dept:edit', '#', 'admin', '2023-03-23 05:28:28', '', NULL, ''),
	(1019, '部门删除', 103, 4, '', '', '', 1, 0, 'F', '0', '0', 'system:dept:remove', '#', 'admin', '2023-03-23 05:28:28', '', NULL, ''),
	(1020, '岗位查询', 104, 1, '', '', '', 1, 0, 'F', '0', '0', 'system:post:query', '#', 'admin', '2023-03-23 05:28:28', '', NULL, ''),
	(1021, '岗位新增', 104, 2, '', '', '', 1, 0, 'F', '0', '0', 'system:post:add', '#', 'admin', '2023-03-23 05:28:28', '', NULL, ''),
	(1022, '岗位修改', 104, 3, '', '', '', 1, 0, 'F', '0', '0', 'system:post:edit', '#', 'admin', '2023-03-23 05:28:28', '', NULL, ''),
	(1023, '岗位删除', 104, 4, '', '', '', 1, 0, 'F', '0', '0', 'system:post:remove', '#', 'admin', '2023-03-23 05:28:28', '', NULL, ''),
	(1024, '岗位导出', 104, 5, '', '', '', 1, 0, 'F', '0', '0', 'system:post:export', '#', 'admin', '2023-03-23 05:28:28', '', NULL, ''),
	(1025, '字典查询', 105, 1, '#', '', '', 1, 0, 'F', '0', '0', 'system:dict:query', '#', 'admin', '2023-03-23 05:28:28', '', NULL, ''),
	(1026, '字典新增', 105, 2, '#', '', '', 1, 0, 'F', '0', '0', 'system:dict:add', '#', 'admin', '2023-03-23 05:28:28', '', NULL, ''),
	(1027, '字典修改', 105, 3, '#', '', '', 1, 0, 'F', '0', '0', 'system:dict:edit', '#', 'admin', '2023-03-23 05:28:28', '', NULL, ''),
	(1028, '字典删除', 105, 4, '#', '', '', 1, 0, 'F', '0', '0', 'system:dict:remove', '#', 'admin', '2023-03-23 05:28:28', '', NULL, ''),
	(1029, '字典导出', 105, 5, '#', '', '', 1, 0, 'F', '0', '0', 'system:dict:export', '#', 'admin', '2023-03-23 05:28:28', '', NULL, ''),
	(1030, '参数查询', 106, 1, '#', '', '', 1, 0, 'F', '0', '0', 'system:config:query', '#', 'admin', '2023-03-23 05:28:28', '', NULL, ''),
	(1031, '参数新增', 106, 2, '#', '', '', 1, 0, 'F', '0', '0', 'system:config:add', '#', 'admin', '2023-03-23 05:28:28', '', NULL, ''),
	(1032, '参数修改', 106, 3, '#', '', '', 1, 0, 'F', '0', '0', 'system:config:edit', '#', 'admin', '2023-03-23 05:28:28', '', NULL, ''),
	(1033, '参数删除', 106, 4, '#', '', '', 1, 0, 'F', '0', '0', 'system:config:remove', '#', 'admin', '2023-03-23 05:28:28', '', NULL, ''),
	(1034, '参数导出', 106, 5, '#', '', '', 1, 0, 'F', '0', '0', 'system:config:export', '#', 'admin', '2023-03-23 05:28:28', '', NULL, ''),
	(1035, '公告查询', 107, 1, '#', '', '', 1, 0, 'F', '0', '0', 'system:notice:query', '#', 'admin', '2023-03-23 05:28:28', '', NULL, ''),
	(1036, '公告新增', 107, 2, '#', '', '', 1, 0, 'F', '0', '0', 'system:notice:add', '#', 'admin', '2023-03-23 05:28:28', '', NULL, ''),
	(1037, '公告修改', 107, 3, '#', '', '', 1, 0, 'F', '0', '0', 'system:notice:edit', '#', 'admin', '2023-03-23 05:28:29', '', NULL, ''),
	(1038, '公告删除', 107, 4, '#', '', '', 1, 0, 'F', '0', '0', 'system:notice:remove', '#', 'admin', '2023-03-23 05:28:29', '', NULL, ''),
	(1039, '操作查询', 500, 1, '#', '', '', 1, 0, 'F', '0', '0', 'system:operlog:query', '#', 'admin', '2023-03-23 05:28:29', '', NULL, ''),
	(1040, '操作删除', 500, 2, '#', '', '', 1, 0, 'F', '0', '0', 'system:operlog:remove', '#', 'admin', '2023-03-23 05:28:29', '', NULL, ''),
	(1041, '日志导出', 500, 3, '#', '', '', 1, 0, 'F', '0', '0', 'system:operlog:export', '#', 'admin', '2023-03-23 05:28:29', '', NULL, ''),
	(1042, '登录查询', 501, 1, '#', '', '', 1, 0, 'F', '0', '0', 'system:logininfor:query', '#', 'admin', '2023-03-23 05:28:29', '', NULL, ''),
	(1043, '登录删除', 501, 2, '#', '', '', 1, 0, 'F', '0', '0', 'system:logininfor:remove', '#', 'admin', '2023-03-23 05:28:29', '', NULL, ''),
	(1044, '日志导出', 501, 3, '#', '', '', 1, 0, 'F', '0', '0', 'system:logininfor:export', '#', 'admin', '2023-03-23 05:28:29', '', NULL, ''),
	(1045, '账户解锁', 501, 4, '#', '', '', 1, 0, 'F', '0', '0', 'system:logininfor:unlock', '#', 'admin', '2023-03-23 05:28:29', '', NULL, ''),
	(1046, '在线查询', 109, 1, '#', '', '', 1, 0, 'F', '0', '0', 'monitor:online:query', '#', 'admin', '2023-03-23 05:28:29', '', NULL, ''),
	(1047, '批量强退', 109, 2, '#', '', '', 1, 0, 'F', '0', '0', 'monitor:online:batchLogout', '#', 'admin', '2023-03-23 05:28:29', '', NULL, ''),
	(1048, '单条强退', 109, 3, '#', '', '', 1, 0, 'F', '0', '0', 'monitor:online:forceLogout', '#', 'admin', '2023-03-23 05:28:29', '', NULL, ''),
	(1049, '任务查询', 110, 1, '#', '', '', 1, 0, 'F', '0', '0', 'monitor:job:query', '#', 'admin', '2023-03-23 05:28:29', '', NULL, ''),
	(1050, '任务新增', 110, 2, '#', '', '', 1, 0, 'F', '0', '0', 'monitor:job:add', '#', 'admin', '2023-03-23 05:28:29', '', NULL, ''),
	(1051, '任务修改', 110, 3, '#', '', '', 1, 0, 'F', '0', '0', 'monitor:job:edit', '#', 'admin', '2023-03-23 05:28:29', '', NULL, ''),
	(1052, '任务删除', 110, 4, '#', '', '', 1, 0, 'F', '0', '0', 'monitor:job:remove', '#', 'admin', '2023-03-23 05:28:29', '', NULL, ''),
	(1053, '状态修改', 110, 5, '#', '', '', 1, 0, 'F', '0', '0', 'monitor:job:changeStatus', '#', 'admin', '2023-03-23 05:28:29', '', NULL, ''),
	(1054, '任务导出', 110, 6, '#', '', '', 1, 0, 'F', '0', '0', 'monitor:job:export', '#', 'admin', '2023-03-23 05:28:29', '', NULL, ''),
	(1055, '生成查询', 115, 1, '#', '', '', 1, 0, 'F', '0', '0', 'tool:gen:query', '#', 'admin', '2023-03-23 05:28:29', '', NULL, ''),
	(1056, '生成修改', 115, 2, '#', '', '', 1, 0, 'F', '0', '0', 'tool:gen:edit', '#', 'admin', '2023-03-23 05:28:29', '', NULL, ''),
	(1057, '生成删除', 115, 3, '#', '', '', 1, 0, 'F', '0', '0', 'tool:gen:remove', '#', 'admin', '2023-03-23 05:28:29', '', NULL, ''),
	(1058, '导入代码', 115, 2, '#', '', '', 1, 0, 'F', '0', '0', 'tool:gen:import', '#', 'admin', '2023-03-23 05:28:29', '', NULL, ''),
	(1059, '预览代码', 115, 4, '#', '', '', 1, 0, 'F', '0', '0', 'tool:gen:preview', '#', 'admin', '2023-03-23 05:28:29', '', NULL, ''),
	(1060, '生成代码', 115, 5, '#', '', '', 1, 0, 'F', '0', '0', 'tool:gen:code', '#', 'admin', '2023-03-23 05:28:29', '', NULL, ''),
	(2000, '组件仓库', 0, 0, 'repository', NULL, NULL, 1, 0, 'M', '0', '0', '', 'button', 'admin', '2023-03-27 05:51:20', 'admin', '2023-03-28 04:10:26', ''),
	(2001, '解码模块', 2000, 0, 'decoder/binary', 'repository/decoder/binary/index', NULL, 1, 0, 'C', '0', '0', 'system:role:list', 'build', 'admin', '2023-03-27 05:52:24', 'admin', '2023-03-28 11:39:40', ''),
	(2002, '云端数据', 0, 0, 'cloud', NULL, NULL, 1, 0, 'M', '0', '0', '', 'button', 'admin', '2023-05-25 04:06:40', 'admin', '2023-05-25 04:07:40', ''),
	(2003, '设备列表', 2038, 1, 'cloud/manager/DeviceEntity', 'cloud/record/index', '{"name":"DeviceEntity"}', 1, 0, 'C', '0', '0', '', 'button', 'admin', '2023-05-25 04:08:48', 'admin', '2023-05-28 03:51:41', ''),
	(2004, '历史记录', 2042, 1, 'cloud/manager/DeviceHistoryEntity', 'cloud/record/index', '{"name":"DeviceHistoryEntity"}', 1, 0, 'C', '0', '0', '', 'button', 'admin', '2023-05-26 06:56:38', 'admin', '2023-05-28 13:16:22', ''),
	(2005, '通道列表', 2038, 7, 'cloud/manager/ChannelEntity', 'cloud/record/index', '{"name":"ChannelEntity"}', 1, 0, 'C', '0', '0', '', 'button', 'admin', '2023-05-26 06:59:02', 'admin', '2023-05-28 03:53:11', ''),
	(2006, '设备对象', 2038, 6, 'cloud/manager/DeviceObjectEntity', 'cloud/record/index', '{"name":"DeviceObjectEntity"}', 1, 0, 'C', '0', '0', '', 'button', 'admin', '2023-05-26 06:59:23', 'admin', '2023-05-28 03:52:40', ''),
	(2007, '配置参数', 2037, 1, 'cloud/manager/ConfigEntity', 'cloud/record/index', '{"name":"ConfigEntity"}', 1, 0, 'C', '0', '0', '', 'button', 'admin', '2023-05-26 13:20:48', 'admin', '2023-05-28 03:50:34', ''),
	(2008, '通道操作任务', 2036, 3, 'cloud/manager/OperateChannelTaskEntity', 'cloud/record/index', '{"name":"OperateChannelTaskEntity"}', 1, 0, 'C', '0', '0', '', 'button', 'admin', '2023-05-26 13:20:48', 'admin', '2023-05-28 03:31:50', ''),
	(2009, '设备记录.备份表', 2042, 3, 'cloud/manager/DeviceRecordEntityBackup', 'cloud/record/index', '{"name":"DeviceRecordEntityBackup"}', 1, 0, 'C', '0', '0', '', 'button', 'admin', '2023-05-26 13:20:48', 'admin', '2023-05-28 13:16:32', ''),
	(2010, '设备监控任务', 2036, 1, 'cloud/manager/OperateMonitorTaskEntity', 'cloud/record/index', '{"name":"OperateMonitorTaskEntity"}', 1, 0, 'C', '0', '0', '', 'button', 'admin', '2023-05-26 13:20:48', 'admin', '2023-05-28 03:31:37', ''),
	(2011, '设备映射', 2038, 3, 'cloud/manager/DeviceMapperEntity', 'cloud/record/index', '{"name":"DeviceMapperEntity"}', 1, 0, 'C', '0', '0', '', 'button', 'admin', '2023-05-26 13:20:48', 'admin', '2023-05-28 03:52:05', ''),
	(2012, '用户菜单', 2037, 4, 'cloud/manager/UserMenuEntity', 'cloud/record/index', '{"name":"UserMenuEntity"}', 1, 0, 'C', '0', '0', '', 'button', 'admin', '2023-05-26 13:20:48', 'admin', '2023-05-28 03:49:29', ''),
	(2013, '触发器配置', 2039, 2, 'cloud/manager/TriggerConfigEntity', 'cloud/record/index', '{"name":"TriggerConfigEntity"}', 1, 0, 'C', '0', '0', '', 'button', 'admin', '2023-05-26 13:20:48', 'admin', '2023-05-28 03:54:02', ''),
	(2014, '触发器实体', 2039, 3, 'cloud/manager/TriggerEntity', 'cloud/record/index', '{"name":"TriggerEntity"}', 1, 0, 'C', '0', '0', '', 'button', 'admin', '2023-05-26 13:20:48', 'admin', '2023-05-28 03:54:17', ''),
	(2015, '参数模板', 2037, 2, 'cloud/manager/ParamTemplateEntity', 'cloud/record/index', '{"name":"ParamTemplateEntity"}', 1, 0, 'C', '0', '0', '', 'button', 'admin', '2023-05-26 13:20:48', 'admin', '2023-05-28 03:48:48', ''),
	(2016, '用户权限', 2037, 6, 'cloud/manager/UserPermissionEntity', 'cloud/record/index', '{"name":"UserPermissionEntity"}', 1, 0, 'C', '0', '0', '', 'button', 'admin', '2023-05-26 13:20:48', 'admin', '2023-05-28 03:49:42', ''),
	(2017, '设备状态', 2038, 4, 'cloud/manager/DeviceStatusEntity', 'cloud/record/index', '{"name":"DeviceStatusEntity"}', 1, 0, 'C', '0', '0', '', 'button', 'admin', '2023-05-26 13:20:48', 'admin', '2023-05-28 03:52:23', ''),
	(2018, '用户角色', 2037, 5, 'cloud/manager/UserRoleEntity', 'cloud/record/index', '{"name":"UserRoleEntity"}', 1, 0, 'C', '0', '0', '', 'button', 'admin', '2023-05-26 13:20:48', 'admin', '2023-05-28 03:49:35', ''),
	(2019, '周期记录', 2041, 2, 'cloud/manager/PeriodRecordEntity', 'cloud/record/index', '{"name":"PeriodRecordEntity"}', 1, 0, 'C', '0', '0', '', 'button', 'admin', '2023-05-26 13:20:48', 'admin', '2023-05-28 13:15:33', ''),
	(2020, '探针', 2037, 8, 'cloud/manager/ProbeEntity', 'cloud/record/index', '{"name":"ProbeEntity"}', 1, 0, 'C', '0', '0', '', 'button', 'admin', '2023-05-26 13:20:48', 'admin', '2023-05-28 03:49:53', ''),
	(2021, '周期记录.备份表', 2041, 3, 'cloud/manager/PeriodRecordEntityBackup', 'cloud/record/index', '{"name":"PeriodRecordEntityBackup"}', 1, 0, 'C', '0', '0', '', 'button', 'admin', '2023-05-26 13:20:48', 'admin', '2023-05-28 13:15:24', ''),
	(2022, '设备记录', 2042, 2, 'cloud/manager/DeviceRecordEntity', 'cloud/record/index', '{"name":"DeviceRecordEntity"}', 1, 0, 'C', '0', '0', '', 'button', 'admin', '2023-05-26 13:20:48', 'admin', '2023-05-28 13:16:27', ''),
	(2023, '操作记录', 2040, 3, 'cloud/manager/OperateRecordEntity', 'cloud/record/index', '{"name":"OperateRecordEntity"}', 1, 0, 'C', '0', '0', '', 'button', 'admin', '2023-05-26 13:20:48', 'admin', '2023-05-28 03:55:06', ''),
	(2024, '操作实体', 2040, 2, 'cloud/manager/OperateEntity', 'cloud/record/index', '{"name":"OperateEntity"}', 1, 0, 'C', '0', '0', '', 'button', 'admin', '2023-05-26 13:20:48', 'admin', '2023-05-28 03:55:00', ''),
	(2025, '用户实体', 2037, 3, 'cloud/manager/OperateEntity', 'cloud/record/index', '{"name":"UserEntity"}', 1, 0, 'C', '0', '0', '', 'button', 'admin', '2023-05-26 13:20:48', 'admin', '2023-05-28 03:49:20', ''),
	(2026, '操作方法', 2040, 1, 'cloud/manager/OperateMethodEntity', 'cloud/record/index', '{"name":"OperateMethodEntity"}', 1, 0, 'C', '0', '0', '', 'button', 'admin', '2023-05-26 13:20:48', 'admin', '2023-05-28 03:46:22', ''),
	(2027, '手动操作任务', 2036, 2, 'cloud/manager/OperateManualTaskEntity', 'cloud/record/index', '{"name":"OperateManualTaskEntity"}', 1, 0, 'C', '0', '0', '', 'button', 'admin', '2023-05-26 13:20:48', 'admin', '2023-05-28 03:31:46', ''),
	(2028, '触发器对象', 2039, 1, 'cloud/manager/TriggerObjectEntity', 'cloud/record/index', '{"name":"TriggerObjectEntity"}', 1, 0, 'C', '0', '0', '', 'button', 'admin', '2023-05-26 13:20:48', 'admin', '2023-05-28 03:40:18', ''),
	(2029, '周期任务', 2041, 1, 'cloud/manager/PeriodTaskEntity', 'cloud/record/index', '{"name":"PeriodTaskEntity"}', 1, 0, 'C', '0', '0', '', 'button', 'admin', '2023-05-26 13:20:48', 'admin', '2023-05-28 03:44:26', ''),
	(2031, '操作记录.备份', 2040, 4, 'cloud/manager/OperateRecordEntityBackup', 'cloud/record/index', '{"name":"OperateRecordEntityBackup"}', 1, 0, 'C', '0', '0', '', 'button', 'admin', '2023-05-26 13:20:48', 'admin', '2023-05-28 03:55:14', ''),
	(2032, '设备数值', 2038, 2, 'cloud/manager/DeviceValueEntity', 'cloud/record/index', '{"name":"DeviceValueEntity"}', 1, 0, 'C', '0', '0', '', 'button', 'admin', '2023-05-26 13:20:48', 'admin', '2023-05-28 03:51:51', ''),
	(2033, '设备超时', 2038, 5, 'cloud/manager/DeviceTimeOutEntity', 'cloud/record/index', '{"name":"DeviceTimeOutEntity"}', 1, 0, 'C', '0', '0', '', 'button', 'admin', '2023-05-26 13:20:48', 'admin', '2023-05-28 03:52:31', ''),
	(2034, '触发器方法', 2039, 5, 'cloud/manager/TriggerMethodEntity', 'cloud/record/index', '{"name":"TriggerMethodEntity"}', 1, 0, 'C', '0', '0', '', 'button', 'admin', '2023-05-26 13:20:48', 'admin', '2023-05-28 03:54:29', ''),
	(2035, '触发器数值', 2039, 4, 'cloud/manager/TriggerValueEntity', 'cloud/record/index', '{"name":"TriggerValueEntity"}', 1, 0, 'C', '0', '0', '', 'button', 'admin', '2023-05-26 13:20:48', 'admin', '2023-05-28 03:54:22', ''),
	(2036, '任务管理', 2002, 1, 'cloud/manager/task', NULL, NULL, 1, 0, 'M', '0', '0', '', 'button', 'admin', '2023-05-28 03:26:20', 'admin', '2023-05-28 03:56:08', ''),
	(2037, '系统管理', 2002, 2, 'cloud/manager/system', NULL, NULL, 1, 0, 'M', '0', '0', '', 'button', 'admin', '2023-05-28 03:32:34', 'admin', '2023-05-28 03:56:16', ''),
	(2038, '设备管理', 2002, 3, 'cloud/manager/device', NULL, NULL, 1, 0, 'M', '0', '0', '', 'button', 'admin', '2023-05-28 03:36:22', 'admin', '2023-05-28 03:56:23', ''),
	(2039, '触发器管理', 2002, 4, 'cloud/manager/trigger', NULL, NULL, 1, 0, 'M', '0', '0', '', 'button', 'admin', '2023-05-28 03:39:32', 'admin', '2023-05-28 03:56:31', ''),
	(2040, '操作管理', 2002, 5, 'cloud/manager/operate', NULL, NULL, 1, 0, 'M', '0', '0', '', 'button', 'admin', '2023-05-28 03:42:18', 'admin', '2023-05-28 03:56:38', ''),
	(2041, '周期管理', 2002, 6, 'cloud/manager/period', NULL, NULL, 1, 0, 'M', '0', '0', '', 'button', 'admin', '2023-05-28 03:43:45', 'admin', '2023-05-28 03:56:45', ''),
	(2042, '记录管理', 2002, 7, 'cloud/manager/record', NULL, NULL, 1, 0, 'M', '0', '0', '', 'button', 'admin', '2023-05-28 03:45:08', 'admin', '2023-05-28 03:56:52', '');

-- 正在导出表  ry-cloud.sys_notice 的数据：~2 rows (大约)
DELETE FROM `sys_notice`;
INSERT INTO `sys_notice` (`notice_id`, `notice_title`, `notice_type`, `notice_content`, `status`, `create_by`, `create_time`, `update_by`, `update_time`, `remark`) VALUES
	(1, '温馨提醒：2018-07-01 若依新版本发布啦', '2', _binary 0xe696b0e78988e69cace58685e5aeb9, '0', 'admin', '2023-03-23 05:28:29', '', NULL, '管理员'),
	(2, '维护通知：2018-07-01 若依系统凌晨维护', '1', _binary 0xe7bbb4e68aa4e58685e5aeb9, '0', 'admin', '2023-03-23 05:28:29', '', NULL, '管理员');

-- 正在导出表  ry-cloud.sys_post 的数据：~4 rows (大约)
DELETE FROM `sys_post`;
INSERT INTO `sys_post` (`post_id`, `post_code`, `post_name`, `post_sort`, `status`, `create_by`, `create_time`, `update_by`, `update_time`, `remark`) VALUES
	(1, 'ceo', '董事长', 1, '0', 'admin', '2023-03-23 05:28:28', '', NULL, ''),
	(2, 'se', '项目经理', 2, '0', 'admin', '2023-03-23 05:28:28', '', NULL, ''),
	(3, 'hr', '人力资源', 3, '0', 'admin', '2023-03-23 05:28:28', '', NULL, ''),
	(4, 'user', '普通员工', 4, '0', 'admin', '2023-03-23 05:28:28', '', NULL, '');

-- 正在导出表  ry-cloud.sys_role 的数据：~3 rows (大约)
DELETE FROM `sys_role`;
INSERT INTO `sys_role` (`role_id`, `role_name`, `role_key`, `role_sort`, `data_scope`, `menu_check_strictly`, `dept_check_strictly`, `status`, `del_flag`, `create_by`, `create_time`, `update_by`, `update_time`, `remark`) VALUES
	(1, '超级管理员', 'admin', 1, '1', 1, 1, '0', '0', 'admin', '2023-03-23 05:28:28', '', NULL, '超级管理员'),
	(2, '普通角色', 'common', 2, '2', 1, 1, '0', '0', 'admin', '2023-03-23 05:28:28', '', NULL, '普通角色'),
	(100, '测试角色', 'testRole', 0, '1', 0, 1, '0', '0', 'admin', '2023-03-25 08:02:36', 'admin', '2023-03-27 06:00:10', NULL),
	(101, 'Fox-Cloud-Entity-View', 'Fox-Cloud-Entity-View', 0, '1', 1, 1, '0', '0', 'admin', '2023-05-27 10:53:06', 'admin', '2023-05-28 04:00:21', NULL);

-- 正在导出表  ry-cloud.sys_role_dept 的数据：~3 rows (大约)
DELETE FROM `sys_role_dept`;
INSERT INTO `sys_role_dept` (`role_id`, `dept_id`) VALUES
	(2, 100),
	(2, 101),
	(2, 105);

-- 正在导出表  ry-cloud.sys_role_menu 的数据：~132 rows (大约)
DELETE FROM `sys_role_menu`;
INSERT INTO `sys_role_menu` (`role_id`, `menu_id`) VALUES
	(2, 1),
	(2, 2),
	(2, 3),
	(2, 4),
	(2, 100),
	(2, 101),
	(2, 102),
	(2, 103),
	(2, 104),
	(2, 105),
	(2, 106),
	(2, 107),
	(2, 108),
	(2, 109),
	(2, 110),
	(2, 111),
	(2, 112),
	(2, 113),
	(2, 114),
	(2, 115),
	(2, 116),
	(2, 500),
	(2, 501),
	(2, 1000),
	(2, 1001),
	(2, 1002),
	(2, 1003),
	(2, 1004),
	(2, 1005),
	(2, 1006),
	(2, 1007),
	(2, 1008),
	(2, 1009),
	(2, 1010),
	(2, 1011),
	(2, 1012),
	(2, 1013),
	(2, 1014),
	(2, 1015),
	(2, 1016),
	(2, 1017),
	(2, 1018),
	(2, 1019),
	(2, 1020),
	(2, 1021),
	(2, 1022),
	(2, 1023),
	(2, 1024),
	(2, 1025),
	(2, 1026),
	(2, 1027),
	(2, 1028),
	(2, 1029),
	(2, 1030),
	(2, 1031),
	(2, 1032),
	(2, 1033),
	(2, 1034),
	(2, 1035),
	(2, 1036),
	(2, 1037),
	(2, 1038),
	(2, 1039),
	(2, 1040),
	(2, 1041),
	(2, 1042),
	(2, 1043),
	(2, 1044),
	(2, 1045),
	(2, 1046),
	(2, 1047),
	(2, 1048),
	(2, 1049),
	(2, 1050),
	(2, 1051),
	(2, 1052),
	(2, 1053),
	(2, 1054),
	(2, 1055),
	(2, 1056),
	(2, 1057),
	(2, 1058),
	(2, 1059),
	(2, 1060),
	(100, 106),
	(100, 1030),
	(100, 1031),
	(100, 1032),
	(100, 1033),
	(100, 1034),
	(100, 2000),
	(100, 2001),
	(101, 2002),
	(101, 2003),
	(101, 2004),
	(101, 2005),
	(101, 2006),
	(101, 2007),
	(101, 2008),
	(101, 2009),
	(101, 2010),
	(101, 2011),
	(101, 2012),
	(101, 2013),
	(101, 2014),
	(101, 2015),
	(101, 2016),
	(101, 2017),
	(101, 2018),
	(101, 2019),
	(101, 2020),
	(101, 2021),
	(101, 2022),
	(101, 2023),
	(101, 2024),
	(101, 2025),
	(101, 2026),
	(101, 2027),
	(101, 2028),
	(101, 2029),
	(101, 2031),
	(101, 2032),
	(101, 2033),
	(101, 2034),
	(101, 2035),
	(101, 2036),
	(101, 2037),
	(101, 2038),
	(101, 2039),
	(101, 2040),
	(101, 2041),
	(101, 2042);

-- 正在导出表  ry-cloud.sys_user 的数据：~3 rows (大约)
DELETE FROM `sys_user`;
INSERT INTO `sys_user` (`user_id`, `dept_id`, `user_name`, `nick_name`, `user_type`, `email`, `phonenumber`, `sex`, `avatar`, `password`, `status`, `del_flag`, `login_ip`, `login_date`, `create_by`, `create_time`, `update_by`, `update_time`, `remark`) VALUES
	(1, 103, 'admin', '若依', '00', 'ry@163.com', '15888888888', '1', '', '$2a$10$7JB720yubVSZvUI0rEqK/.VqGOZTH.ulu33dHOiBE8ByOhJIrdAu2', '0', '0', '127.0.0.1', '2023-03-23 05:28:28', 'admin', '2023-03-23 05:28:28', '', NULL, '管理员'),
	(2, 105, 'ry', '若依', '00', 'ry@qq.com', '15666666666', '1', '', '$2a$10$7JB720yubVSZvUI0rEqK/.VqGOZTH.ulu33dHOiBE8ByOhJIrdAu2', '0', '0', '127.0.0.1', '2023-03-23 05:28:28', 'admin', '2023-03-23 05:28:28', '', NULL, '测试员'),
	(100, NULL, 'hupengwu', 'hupengwu', '00', '', '', '0', '', '$2a$10$26aQVds60KHIrRxmMN7RYeo6WtX18Nz4nuarfHWQU4e5IsTqa8EhO', '0', '0', '', NULL, 'admin', '2023-03-25 08:01:14', '', NULL, NULL),
	(101, NULL, 'fox-cloud-view', 'Fox-Cloud-View', '00', '', '', '0', '', '$2a$10$dz6bW2zhV.9cHqgLxIpjS.HvQqmEjht9gUwWR.aY1ijcO.ovoAxDm', '0', '0', '', NULL, 'admin', '2023-05-27 10:55:32', '', NULL, NULL);

-- 正在导出表  ry-cloud.sys_user_post 的数据：~2 rows (大约)
DELETE FROM `sys_user_post`;
INSERT INTO `sys_user_post` (`user_id`, `post_id`) VALUES
	(1, 1),
	(2, 2);

-- 正在导出表  ry-cloud.sys_user_role 的数据：~3 rows (大约)
DELETE FROM `sys_user_role`;
INSERT INTO `sys_user_role` (`user_id`, `role_id`) VALUES
	(1, 1),
	(2, 2),
	(100, 100),
	(101, 101);

/*!40103 SET TIME_ZONE=IFNULL(@OLD_TIME_ZONE, 'system') */;
/*!40101 SET SQL_MODE=IFNULL(@OLD_SQL_MODE, '') */;
/*!40014 SET FOREIGN_KEY_CHECKS=IFNULL(@OLD_FOREIGN_KEY_CHECKS, 1) */;
/*!40101 SET CHARACTER_SET_CLIENT=@OLD_CHARACTER_SET_CLIENT */;
/*!40111 SET SQL_NOTES=IFNULL(@OLD_SQL_NOTES, 1) */;
